id,subreddit
0,cars
1,anime
2,rpg
3,gamernews
4,anime
5,hardware
6,computers
7,rpg
8,gamernews
9,gamedev
10,computers
11,computers
12,gamernews
13,computers
14,datascience
15,anime
16,gamernews
17,cars
18,gamedev
19,hardware
20,computers
21,hardware
22,hardware
23,gamernews
24,gamedev
25,cars
26,anime
27,hardware
28,rpg
29,anime
30,cars
31,computers
32,gamedev
33,datascience
34,hardware
35,anime
36,rpg
37,datascience
38,rpg
39,gamedev
40,anime
41,hardware
42,gamernews
43,anime
44,gamernews
45,rpg
46,anime
47,anime
48,hardware
49,anime
50,gamernews
51,datascience
52,hardware
53,datascience
54,cars
55,datascience
56,datascience
57,hardware
58,hardware
59,hardware
60,gamernews
61,gamedev
62,gamedev
63,anime
64,anime
65,rpg
66,gamernews
67,gamernews
68,gamedev
69,gamernews
70,hardware
71,cars
72,gamedev
73,gamedev
74,gamernews
75,cars
76,datascience
77,computers
78,cars
79,datascience
80,rpg
81,cars
82,rpg
83,datascience
84,anime
85,anime
86,rpg
87,computers
88,gamedev
89,cars
90,gamernews
91,hardware
92,anime
93,datascience
94,datascience
95,cars
96,anime
97,rpg
98,anime
99,gamernews
100,hardware
101,anime
102,cars
103,computers
104,anime
105,anime
106,hardware
107,gamernews
108,datascience
109,gamernews
110,anime
111,datascience
112,rpg
113,anime
114,gamedev
115,computers
116,rpg
117,cars
118,cars
119,hardware
120,cars
121,cars
122,rpg
123,gamedev
124,rpg
125,gamernews
126,gamernews
127,computers
128,anime
129,rpg
130,cars
131,anime
132,computers
133,datascience
134,hardware
135,hardware
136,gamernews
137,gamernews
138,gamedev
139,hardware
140,rpg
141,gamernews
142,anime
143,anime
144,hardware
145,hardware
146,datascience
147,gamernews
148,gamernews
149,rpg
150,datascience
151,gamedev
152,datascience
153,hardware
154,cars
155,hardware
156,computers
157,datascience
158,anime
159,cars
160,gamernews
161,computers
162,computers
163,anime
164,anime
165,gamedev
166,rpg
167,datascience
168,rpg
169,gamernews
170,cars
171,gamedev
172,datascience
173,computers
174,cars
175,gamedev
176,gamedev
177,hardware
178,gamedev
179,hardware
180,anime
181,gamernews
182,gamernews
183,computers
184,rpg
185,hardware
186,datascience
187,rpg
188,rpg
189,gamedev
190,rpg
191,gamedev
192,rpg
193,rpg
194,datascience
195,cars
196,computers
197,rpg
198,gamedev
199,anime
200,hardware
201,gamernews
202,computers
203,cars
204,gamernews
205,anime
206,anime
207,hardware
208,computers
209,datascience
210,datascience
211,cars
212,rpg
213,hardware
214,gamedev
215,rpg
216,hardware
217,datascience
218,cars
219,gamernews
220,rpg
221,rpg
222,datascience
223,rpg
224,datascience
225,cars
226,cars
227,rpg
228,hardware
229,datascience
230,datascience
231,gamedev
232,computers
233,gamedev
234,gamernews
235,datascience
236,datascience
237,datascience
238,datascience
239,gamernews
240,gamernews
241,datascience
242,datascience
243,rpg
244,cars
245,computers
246,gamedev
247,anime
248,hardware
249,gamedev
250,rpg
251,anime
252,hardware
253,computers
254,anime
255,cars
256,gamedev
257,computers
258,gamedev
259,gamedev
260,rpg
261,hardware
262,rpg
263,computers
264,hardware
265,anime
266,gamedev
267,rpg
268,computers
269,cars
270,gamedev
271,hardware
272,gamernews
273,anime
274,cars
275,gamernews
276,cars
277,computers
278,hardware
279,cars
280,gamedev
281,datascience
282,gamedev
283,rpg
284,computers
285,anime
286,computers
287,hardware
288,datascience
289,hardware
290,rpg
291,gamedev
292,gamernews
293,cars
294,anime
295,computers
296,rpg
297,rpg
298,rpg
299,gamedev
300,cars
301,datascience
302,computers
303,gamernews
304,gamedev
305,hardware
306,anime
307,hardware
308,rpg
309,computers
310,computers
311,hardware
312,gamernews
313,anime
314,datascience
315,cars
316,hardware
317,hardware
318,datascience
319,computers
320,computers
321,datascience
322,cars
323,rpg
324,gamedev
325,anime
326,anime
327,datascience
328,hardware
329,hardware
330,computers
331,computers
332,datascience
333,gamedev
334,hardware
335,computers
336,hardware
337,datascience
338,gamernews
339,anime
340,rpg
341,hardware
342,hardware
343,cars
344,cars
345,datascience
346,gamedev
347,computers
348,hardware
349,hardware
350,anime
351,datascience
352,computers
353,gamernews
354,computers
355,rpg
356,anime
357,gamernews
358,gamernews
359,gamedev
360,hardware
361,computers
362,computers
363,gamernews
364,rpg
365,rpg
366,rpg
367,anime
368,gamedev
369,anime
370,anime
371,rpg
372,datascience
373,gamernews
374,rpg
375,rpg
376,hardware
377,anime
378,datascience
379,anime
380,rpg
381,gamernews
382,cars
383,gamedev
384,rpg
385,rpg
386,hardware
387,computers
388,datascience
389,rpg
390,computers
391,hardware
392,hardware
393,gamedev
394,gamernews
395,anime
396,gamedev
397,datascience
398,gamernews
399,gamedev
400,anime
401,datascience
402,hardware
403,computers
404,datascience
405,rpg
406,gamernews
407,cars
408,datascience
409,anime
410,datascience
411,gamernews
412,anime
413,anime
414,rpg
415,cars
416,anime
417,anime
418,gamernews
419,cars
420,cars
421,hardware
422,anime
423,datascience
424,datascience
425,gamernews
426,gamernews
427,gamedev
428,rpg
429,hardware
430,gamernews
431,datascience
432,anime
433,hardware
434,cars
435,computers
436,anime
437,datascience
438,gamernews
439,datascience
440,computers
441,gamedev
442,hardware
443,gamedev
444,gamernews
445,rpg
446,datascience
447,computers
448,hardware
449,hardware
450,datascience
451,anime
452,gamernews
453,cars
454,computers
455,cars
456,gamedev
457,hardware
458,hardware
459,gamernews
460,gamedev
461,datascience
462,anime
463,computers
464,hardware
465,computers
466,computers
467,anime
468,computers
469,gamedev
470,hardware
471,computers
472,hardware
473,gamedev
474,anime
475,hardware
476,cars
477,gamernews
478,cars
479,anime
480,computers
481,anime
482,gamernews
483,rpg
484,cars
485,hardware
486,cars
487,datascience
488,computers
489,rpg
490,computers
491,datascience
492,rpg
493,rpg
494,gamedev
495,anime
496,gamernews
497,computers
498,cars
499,rpg
500,computers
501,anime
502,datascience
503,gamernews
504,datascience
505,anime
506,datascience
507,hardware
508,rpg
509,gamernews
510,cars
511,computers
512,cars
513,gamernews
514,rpg
515,cars
516,computers
517,datascience
518,datascience
519,datascience
520,gamedev
521,cars
522,datascience
523,computers
524,datascience
525,anime
526,hardware
527,anime
528,hardware
529,hardware
530,gamedev
531,gamedev
532,rpg
533,hardware
534,rpg
535,computers
536,rpg
537,cars
538,rpg
539,cars
540,rpg
541,cars
542,datascience
543,datascience
544,hardware
545,gamedev
546,rpg
547,rpg
548,hardware
549,computers
550,hardware
551,anime
552,hardware
553,cars
554,rpg
555,hardware
556,hardware
557,cars
558,rpg
559,datascience
560,gamernews
561,gamedev
562,anime
563,gamernews
564,computers
565,cars
566,computers
567,anime
568,gamernews
569,anime
570,datascience
571,gamedev
572,anime
573,hardware
574,computers
575,rpg
576,anime
577,datascience
578,rpg
579,computers
580,gamedev
581,gamedev
582,anime
583,datascience
584,hardware
585,datascience
586,cars
587,anime
588,cars
589,hardware
590,cars
591,computers
592,anime
593,gamedev
594,gamernews
595,hardware
596,anime
597,gamernews
598,cars
599,gamedev
600,cars
601,rpg
602,gamedev
603,cars
604,computers
605,rpg
606,gamernews
607,rpg
608,cars
609,gamernews
610,computers
611,hardware
612,rpg
613,cars
614,datascience
615,rpg
616,datascience
617,gamedev
618,rpg
619,hardware
620,computers
621,computers
622,computers
623,gamedev
624,datascience
625,gamernews
626,datascience
627,gamedev
628,datascience
629,anime
630,anime
631,cars
632,cars
633,anime
634,anime
635,anime
636,gamernews
637,gamernews
638,gamedev
639,anime
640,gamernews
641,anime
642,gamernews
643,gamernews
644,datascience
645,gamedev
646,datascience
647,gamernews
648,rpg
649,datascience
650,datascience
651,anime
652,hardware
653,cars
654,gamernews
655,anime
656,datascience
657,rpg
658,computers
659,gamernews
660,gamernews
661,gamernews
662,datascience
663,cars
664,anime
665,datascience
666,computers
667,datascience
668,anime
669,cars
670,hardware
671,gamernews
672,computers
673,gamedev
674,gamernews
675,computers
676,anime
677,datascience
678,computers
679,cars
680,anime
681,cars
682,datascience
683,cars
684,cars
685,computers
686,rpg
687,hardware
688,cars
689,hardware
690,datascience
691,gamedev
692,rpg
693,hardware
694,rpg
695,gamernews
696,hardware
697,computers
698,computers
699,anime
700,gamedev
701,hardware
702,gamernews
703,anime
704,datascience
705,cars
706,gamernews
707,hardware
708,anime
709,gamernews
710,datascience
711,computers
712,datascience
713,anime
714,datascience
715,computers
716,gamedev
717,rpg
718,datascience
719,gamernews
720,anime
721,datascience
722,hardware
723,datascience
724,cars
725,computers
726,computers
727,datascience
728,rpg
729,gamernews
730,cars
731,computers
732,computers
733,cars
734,cars
735,gamedev
736,gamedev
737,computers
738,anime
739,cars
740,anime
741,datascience
742,computers
743,gamernews
744,datascience
745,hardware
746,cars
747,rpg
748,gamedev
749,rpg
750,rpg
751,computers
752,datascience
753,anime
754,gamernews
755,anime
756,gamernews
757,cars
758,gamernews
759,datascience
760,hardware
761,datascience
762,hardware
763,cars
764,hardware
765,cars
766,gamernews
767,rpg
768,gamedev
769,anime
770,datascience
771,computers
772,anime
773,rpg
774,anime
775,datascience
776,cars
777,anime
778,rpg
779,datascience
780,hardware
781,datascience
782,gamedev
783,gamedev
784,anime
785,gamernews
786,anime
787,gamedev
788,hardware
789,computers
790,computers
791,rpg
792,gamernews
793,rpg
794,cars
795,rpg
796,rpg
797,gamedev
798,hardware
799,gamedev
800,computers
801,datascience
802,hardware
803,cars
804,hardware
805,cars
806,gamedev
807,gamernews
808,gamedev
809,gamernews
810,gamedev
811,datascience
812,computers
813,gamedev
814,computers
815,gamedev
816,computers
817,gamernews
818,datascience
819,anime
820,computers
821,cars
822,gamernews
823,cars
824,gamernews
825,computers
826,rpg
827,hardware
828,anime
829,datascience
830,anime
831,cars
832,computers
833,gamedev
834,gamedev
835,gamedev
836,gamernews
837,datascience
838,anime
839,cars
840,anime
841,computers
842,anime
843,gamernews
844,cars
845,datascience
846,gamernews
847,rpg
848,datascience
849,gamedev
850,hardware
851,hardware
852,rpg
853,gamernews
854,datascience
855,anime
856,gamedev
857,gamedev
858,rpg
859,gamernews
860,hardware
861,gamedev
862,rpg
863,anime
864,rpg
865,gamedev
866,cars
867,computers
868,rpg
869,gamernews
870,computers
871,gamedev
872,datascience
873,computers
874,hardware
875,anime
876,computers
877,datascience
878,cars
879,gamernews
880,rpg
881,gamernews
882,gamedev
883,cars
884,hardware
885,rpg
886,datascience
887,datascience
888,datascience
889,datascience
890,datascience
891,hardware
892,hardware
893,computers
894,gamernews
895,gamedev
896,hardware
897,rpg
898,rpg
899,gamernews
900,cars
901,rpg
902,gamedev
903,computers
904,datascience
905,gamedev
906,gamedev
907,anime
908,rpg
909,rpg
910,anime
911,rpg
912,computers
913,anime
914,datascience
915,rpg
916,hardware
917,cars
918,gamernews
919,computers
920,rpg
921,gamernews
922,datascience
923,cars
924,hardware
925,rpg
926,gamernews
927,datascience
928,hardware
929,datascience
930,computers
931,datascience
932,hardware
933,anime
934,rpg
935,cars
936,gamernews
937,datascience
938,datascience
939,computers
940,gamedev
941,anime
942,computers
943,datascience
944,datascience
945,gamernews
946,computers
947,hardware
948,anime
949,hardware
950,computers
951,anime
952,gamedev
953,gamedev
954,computers
955,computers
956,computers
957,rpg
958,gamernews
959,rpg
960,anime
961,rpg
962,datascience
963,cars
964,gamedev
965,rpg
966,gamedev
967,gamernews
968,anime
969,gamedev
970,hardware
971,hardware
972,datascience
973,hardware
974,rpg
975,gamedev
976,gamedev
977,cars
978,computers
979,datascience
980,anime
981,anime
982,gamedev
983,hardware
984,hardware
985,datascience
986,cars
987,gamernews
988,hardware
989,datascience
990,cars
991,gamedev
992,gamernews
993,computers
994,datascience
995,datascience
996,computers
997,anime
998,gamedev
999,anime
1000,gamernews
1001,gamedev
1002,gamedev
1003,hardware
1004,anime
1005,datascience
1006,gamedev
1007,datascience
1008,cars
1009,hardware
1010,anime
1011,anime
1012,cars
1013,datascience
1014,datascience
1015,hardware
1016,anime
1017,rpg
1018,anime
1019,rpg
1020,cars
1021,datascience
1022,cars
1023,anime
1024,cars
1025,cars
1026,gamernews
1027,datascience
1028,hardware
1029,rpg
1030,cars
1031,hardware
1032,gamedev
1033,datascience
1034,datascience
1035,hardware
1036,anime
1037,gamedev
1038,hardware
1039,cars
1040,datascience
1041,computers
1042,cars
1043,anime
1044,cars
1045,gamernews
1046,hardware
1047,hardware
1048,computers
1049,rpg
1050,datascience
1051,hardware
1052,hardware
1053,computers
1054,hardware
1055,gamedev
1056,computers
1057,hardware
1058,anime
1059,cars
1060,datascience
1061,gamernews
1062,anime
1063,cars
1064,anime
1065,rpg
1066,gamedev
1067,rpg
1068,gamernews
1069,gamernews
1070,gamedev
1071,gamedev
1072,cars
1073,computers
1074,datascience
1075,hardware
1076,computers
1077,anime
1078,anime
1079,cars
1080,hardware
1081,rpg
1082,cars
1083,datascience
1084,datascience
1085,hardware
1086,computers
1087,cars
1088,anime
1089,anime
1090,computers
1091,gamedev
1092,hardware
1093,computers
1094,datascience
1095,gamedev
1096,datascience
1097,datascience
1098,computers
1099,datascience
1100,gamedev
1101,hardware
1102,gamernews
1103,anime
1104,gamernews
1105,gamernews
1106,gamernews
1107,rpg
1108,hardware
1109,rpg
1110,cars
1111,cars
1112,gamernews
1113,cars
1114,gamernews
1115,rpg
1116,gamedev
1117,cars
1118,datascience
1119,computers
1120,gamedev
1121,rpg
1122,rpg
1123,cars
1124,rpg
1125,gamedev
1126,anime
1127,anime
1128,datascience
1129,gamernews
1130,rpg
1131,hardware
1132,gamernews
1133,gamedev
1134,computers
1135,hardware
1136,cars
1137,computers
1138,cars
1139,cars
1140,gamedev
1141,cars
1142,anime
1143,hardware
1144,gamernews
1145,computers
1146,cars
1147,hardware
1148,hardware
1149,cars
1150,gamernews
1151,datascience
1152,gamernews
1153,rpg
1154,cars
1155,anime
1156,gamernews
1157,anime
1158,hardware
1159,rpg
1160,hardware
1161,gamedev
1162,cars
1163,rpg
1164,gamedev
1165,gamedev
1166,gamedev
1167,cars
1168,gamernews
1169,gamedev
1170,datascience
1171,hardware
1172,datascience
1173,computers
1174,datascience
1175,rpg
1176,datascience
1177,gamernews
1178,cars
1179,cars
1180,gamernews
1181,rpg
1182,datascience
1183,anime
1184,cars
1185,rpg
1186,gamedev
1187,gamernews
1188,rpg
1189,gamedev
1190,hardware
1191,gamedev
1192,datascience
1193,hardware
1194,gamedev
1195,cars
1196,hardware
1197,hardware
1198,rpg
1199,hardware
1200,hardware
1201,cars
1202,hardware
1203,rpg
1204,gamernews
1205,datascience
1206,rpg
1207,gamedev
1208,hardware
1209,gamedev
1210,anime
1211,gamernews
1212,computers
1213,gamedev
1214,cars
1215,cars
1216,gamernews
1217,rpg
1218,computers
1219,hardware
1220,computers
1221,anime
1222,datascience
1223,hardware
1224,datascience
1225,gamernews
1226,hardware
1227,computers
1228,gamernews
1229,computers
1230,gamernews
1231,hardware
1232,anime
1233,anime
1234,gamernews
1235,gamernews
1236,cars
1237,computers
1238,cars
1239,cars
1240,datascience
1241,rpg
1242,gamedev
1243,gamernews
1244,gamernews
1245,cars
1246,gamernews
1247,hardware
1248,gamedev
1249,computers
1250,cars
1251,rpg
1252,anime
1253,rpg
1254,rpg
1255,anime
1256,gamernews
1257,rpg
1258,gamernews
1259,hardware
1260,computers
1261,datascience
1262,cars
1263,datascience
1264,cars
1265,cars
1266,computers
1267,datascience
1268,gamedev
1269,cars
1270,datascience
1271,hardware
1272,gamernews
1273,gamedev
1274,computers
1275,computers
1276,computers
1277,hardware
1278,computers
1279,anime
1280,computers
1281,rpg
1282,anime
1283,gamernews
1284,gamernews
1285,gamedev
1286,datascience
1287,gamernews
1288,computers
1289,cars
1290,computers
1291,gamernews
1292,gamedev
1293,cars
1294,hardware
1295,rpg
1296,gamernews
1297,computers
1298,anime
1299,computers
1300,computers
1301,rpg
1302,gamedev
1303,anime
1304,computers
1305,gamernews
1306,rpg
1307,datascience
1308,gamernews
1309,hardware
1310,datascience
1311,gamedev
1312,datascience
1313,hardware
1314,cars
1315,gamernews
1316,anime
1317,computers
1318,datascience
1319,cars
1320,computers
1321,datascience
1322,datascience
1323,anime
1324,hardware
1325,cars
1326,rpg
1327,cars
1328,anime
1329,gamedev
1330,hardware
1331,datascience
1332,datascience
1333,rpg
1334,gamedev
1335,gamedev
1336,datascience
1337,rpg
1338,hardware
1339,rpg
1340,anime
1341,anime
1342,cars
1343,gamedev
1344,datascience
1345,gamedev
1346,computers
1347,anime
1348,cars
1349,anime
1350,gamernews
1351,hardware
1352,cars
1353,gamernews
1354,anime
1355,datascience
1356,computers
1357,rpg
1358,gamedev
1359,rpg
1360,hardware
1361,gamedev
1362,anime
1363,computers
1364,rpg
1365,anime
1366,gamedev
1367,hardware
1368,computers
1369,rpg
1370,gamernews
1371,rpg
1372,hardware
1373,gamernews
1374,cars
1375,datascience
1376,rpg
1377,cars
1378,computers
1379,gamedev
1380,datascience
1381,gamedev
1382,computers
1383,cars
1384,anime
1385,gamernews
1386,rpg
1387,datascience
1388,anime
1389,cars
1390,rpg
1391,gamernews
1392,rpg
1393,cars
1394,anime
1395,rpg
1396,computers
1397,hardware
1398,computers
1399,gamernews
1400,datascience
1401,rpg
1402,anime
1403,gamedev
1404,gamernews
1405,gamernews
1406,datascience
1407,datascience
1408,anime
1409,gamedev
1410,anime
1411,computers
1412,computers
1413,rpg
1414,gamernews
1415,hardware
1416,gamernews
1417,rpg
1418,anime
1419,computers
1420,computers
1421,computers
1422,anime
1423,datascience
1424,rpg
1425,gamernews
1426,hardware
1427,computers
1428,hardware
1429,datascience
1430,gamedev
1431,anime
1432,hardware
1433,rpg
1434,hardware
1435,gamernews
1436,gamernews
1437,gamedev
1438,anime
1439,gamedev
1440,gamedev
1441,computers
1442,hardware
1443,gamedev
1444,anime
1445,hardware
1446,rpg
1447,computers
1448,cars
1449,computers
1450,hardware
1451,datascience
1452,computers
1453,hardware
1454,rpg
1455,rpg
1456,cars
1457,gamedev
1458,hardware
1459,hardware
1460,hardware
1461,hardware
1462,hardware
1463,rpg
1464,gamedev
1465,hardware
1466,gamedev
1467,gamedev
1468,gamedev
1469,cars
1470,gamernews
1471,anime
1472,gamedev
1473,gamernews
1474,gamernews
1475,hardware
1476,cars
1477,anime
1478,cars
1479,gamedev
1480,gamedev
1481,gamedev
1482,datascience
1483,cars
1484,anime
1485,anime
1486,gamedev
1487,anime
1488,datascience
1489,computers
1490,computers
1491,cars
1492,cars
1493,gamernews
1494,gamernews
1495,computers
1496,hardware
1497,hardware
1498,gamedev
1499,anime
1500,hardware
1501,rpg
1502,anime
1503,anime
1504,datascience
1505,anime
1506,gamernews
1507,anime
1508,gamedev
1509,datascience
1510,hardware
1511,gamedev
1512,gamedev
1513,rpg
1514,rpg
1515,datascience
1516,rpg
1517,datascience
1518,gamernews
1519,computers
1520,anime
1521,gamedev
1522,gamernews
1523,cars
1524,datascience
1525,hardware
1526,gamedev
1527,computers
1528,anime
1529,gamedev
1530,gamedev
1531,rpg
1532,rpg
1533,computers
1534,computers
1535,computers
1536,datascience
1537,hardware
1538,gamedev
1539,computers
1540,gamedev
1541,gamedev
1542,rpg
1543,gamernews
1544,hardware
1545,hardware
1546,hardware
1547,hardware
1548,hardware
1549,gamernews
1550,datascience
1551,rpg
1552,anime
1553,gamernews
1554,computers
1555,gamedev
1556,cars
1557,computers
1558,gamedev
1559,hardware
1560,gamernews
1561,hardware
1562,computers
1563,computers
1564,gamedev
1565,rpg
1566,hardware
1567,gamedev
1568,hardware
1569,computers
1570,gamedev
1571,rpg
1572,anime
1573,cars
1574,computers
1575,computers
1576,hardware
1577,computers
1578,computers
1579,gamernews
1580,gamedev
1581,rpg
1582,rpg
1583,gamernews
1584,datascience
1585,datascience
1586,gamedev
1587,computers
1588,gamernews
1589,gamedev
1590,rpg
1591,anime
1592,computers
1593,cars
1594,gamernews
1595,anime
1596,rpg
1597,anime
1598,hardware
1599,hardware
1600,rpg
1601,anime
1602,datascience
1603,hardware
1604,cars
1605,datascience
1606,rpg
1607,cars
1608,gamedev
1609,computers
1610,gamedev
1611,gamernews
1612,hardware
1613,datascience
1614,gamernews
1615,gamedev
1616,anime
1617,rpg
1618,datascience
1619,computers
1620,hardware
1621,anime
1622,cars
1623,anime
1624,hardware
1625,anime
1626,hardware
1627,anime
1628,hardware
1629,gamernews
1630,datascience
1631,rpg
1632,computers
1633,computers
1634,gamedev
1635,anime
1636,anime
1637,computers
1638,rpg
1639,anime
1640,gamernews
1641,cars
1642,datascience
1643,anime
1644,hardware
1645,datascience
1646,rpg
1647,computers
1648,computers
1649,cars
1650,datascience
1651,hardware
1652,computers
1653,gamernews
1654,hardware
1655,hardware
1656,computers
1657,hardware
1658,rpg
1659,datascience
1660,gamernews
1661,gamernews
1662,cars
1663,rpg
1664,gamedev
1665,anime
1666,anime
1667,anime
1668,computers
1669,anime
1670,anime
1671,hardware
1672,computers
1673,hardware
1674,gamernews
1675,gamernews
1676,datascience
1677,rpg
1678,gamernews
1679,computers
1680,gamedev
1681,cars
1682,gamedev
1683,computers
1684,gamedev
1685,datascience
1686,hardware
1687,hardware
1688,gamernews
1689,rpg
1690,gamedev
1691,computers
1692,datascience
1693,gamernews
1694,anime
1695,computers
1696,datascience
1697,rpg
1698,rpg
1699,cars
1700,rpg
1701,anime
1702,rpg
1703,computers
1704,rpg
1705,rpg
1706,anime
1707,datascience
1708,rpg
1709,cars
1710,anime
1711,gamedev
1712,anime
1713,rpg
1714,cars
1715,cars
1716,cars
1717,gamedev
1718,gamedev
1719,anime
1720,gamernews
1721,hardware
1722,gamedev
1723,gamedev
1724,rpg
1725,computers
1726,rpg
1727,anime
1728,anime
1729,gamernews
1730,rpg
1731,hardware
1732,cars
1733,gamedev
1734,cars
1735,datascience
1736,gamedev
1737,hardware
1738,gamernews
1739,anime
1740,hardware
1741,cars
1742,gamedev
1743,cars
1744,gamernews
1745,cars
1746,gamernews
1747,cars
1748,cars
1749,hardware
1750,hardware
1751,rpg
1752,rpg
1753,datascience
1754,hardware
1755,datascience
1756,cars
1757,cars
1758,cars
1759,rpg
1760,anime
1761,gamedev
1762,datascience
1763,computers
1764,cars
1765,hardware
1766,cars
1767,cars
1768,rpg
1769,cars
1770,datascience
1771,anime
1772,hardware
1773,gamernews
1774,datascience
1775,anime
1776,gamedev
1777,cars
1778,datascience
1779,gamedev
1780,computers
1781,gamedev
1782,hardware
1783,computers
1784,gamedev
1785,hardware
1786,cars
1787,gamernews
1788,computers
1789,gamernews
1790,hardware
1791,computers
1792,cars
1793,gamedev
1794,cars
1795,gamedev
1796,gamedev
1797,anime
1798,computers
1799,cars
1800,datascience
1801,computers
1802,computers
1803,datascience
1804,gamedev
1805,anime
1806,gamernews
1807,gamedev
1808,cars
1809,computers
1810,gamedev
1811,computers
1812,gamedev
1813,cars
1814,gamernews
1815,rpg
1816,gamedev
1817,gamernews
1818,computers
1819,gamedev
1820,anime
1821,computers
1822,cars
1823,anime
1824,gamedev
1825,rpg
1826,datascience
1827,datascience
1828,hardware
1829,computers
1830,cars
1831,datascience
1832,gamernews
1833,cars
1834,gamedev
1835,cars
1836,datascience
1837,gamedev
1838,hardware
1839,rpg
1840,gamedev
1841,computers
1842,gamedev
1843,rpg
1844,datascience
1845,hardware
1846,rpg
1847,gamedev
1848,rpg
1849,gamernews
1850,cars
1851,datascience
1852,anime
1853,gamernews
1854,gamernews
1855,computers
1856,rpg
1857,hardware
1858,gamernews
1859,rpg
1860,gamedev
1861,rpg
1862,cars
1863,cars
1864,hardware
1865,rpg
1866,gamernews
1867,anime
1868,hardware
1869,hardware
1870,gamernews
1871,rpg
1872,cars
1873,hardware
1874,gamernews
1875,computers
1876,anime
1877,cars
1878,rpg
1879,gamedev
1880,gamernews
1881,computers
1882,gamernews
1883,gamernews
1884,rpg
1885,hardware
1886,gamedev
1887,gamedev
1888,datascience
1889,datascience
1890,rpg
1891,anime
1892,gamernews
1893,gamernews
1894,computers
1895,hardware
1896,gamedev
1897,gamernews
1898,rpg
1899,cars
1900,cars
1901,rpg
1902,computers
1903,rpg
1904,datascience
1905,gamernews
1906,anime
1907,computers
1908,hardware
1909,cars
1910,anime
1911,gamernews
1912,hardware
1913,hardware
1914,gamernews
1915,hardware
1916,cars
1917,hardware
1918,anime
1919,gamedev
1920,gamernews
1921,anime
1922,cars
1923,cars
1924,gamedev
1925,datascience
1926,computers
1927,gamedev
1928,gamernews
1929,anime
1930,cars
1931,gamernews
1932,cars
1933,cars
1934,cars
1935,gamernews
1936,computers
1937,gamernews
1938,gamedev
1939,gamedev
1940,cars
1941,anime
1942,cars
1943,cars
1944,cars
1945,computers
1946,computers
1947,datascience
1948,gamernews
1949,cars
1950,rpg
1951,anime
1952,cars
1953,hardware
1954,rpg
1955,gamernews
1956,anime
1957,gamernews
1958,computers
1959,datascience
1960,anime
1961,gamedev
1962,hardware
1963,computers
1964,datascience
1965,rpg
1966,anime
1967,hardware
1968,gamernews
1969,cars
1970,hardware
1971,gamedev
1972,rpg
1973,gamedev
1974,hardware
1975,datascience
1976,computers
1977,cars
1978,anime
1979,gamernews
1980,gamernews
1981,cars
1982,computers
1983,datascience
1984,datascience
1985,rpg
1986,gamernews
1987,anime
1988,rpg
1989,computers
1990,cars
1991,anime
1992,cars
1993,gamedev
1994,cars
1995,anime
1996,datascience
1997,hardware
1998,rpg
1999,gamernews
2000,datascience
2001,gamedev
2002,computers
2003,computers
2004,rpg
2005,gamedev
2006,hardware
2007,cars
2008,datascience
2009,hardware
2010,gamedev
2011,gamedev
2012,gamedev
2013,rpg
2014,rpg
2015,gamernews
2016,gamernews
2017,computers
2018,cars
2019,anime
2020,computers
2021,datascience
2022,computers
2023,gamedev
2024,gamedev
2025,anime
2026,hardware
2027,cars
2028,hardware
2029,anime
2030,cars
2031,gamernews
2032,computers
2033,gamedev
2034,rpg
2035,computers
2036,hardware
2037,cars
2038,anime
2039,computers
2040,gamernews
2041,gamernews
2042,gamedev
2043,computers
2044,hardware
2045,gamedev
2046,rpg
2047,gamernews
2048,gamedev
2049,gamedev
2050,cars
2051,gamedev
2052,hardware
2053,rpg
2054,cars
2055,hardware
2056,hardware
2057,gamernews
2058,gamedev
2059,gamedev
2060,hardware
2061,computers
2062,computers
2063,computers
2064,gamedev
2065,cars
2066,hardware
2067,hardware
2068,gamernews
2069,hardware
2070,cars
2071,cars
2072,datascience
2073,gamernews
2074,rpg
2075,computers
2076,computers
2077,gamernews
2078,datascience
2079,hardware
2080,gamernews
2081,gamernews
2082,datascience
2083,anime
2084,computers
2085,computers
2086,datascience
2087,datascience
2088,datascience
2089,datascience
2090,hardware
2091,computers
2092,rpg
2093,gamedev
2094,gamernews
2095,rpg
2096,rpg
2097,cars
2098,datascience
2099,gamernews
2100,gamernews
2101,cars
2102,gamedev
2103,gamedev
2104,cars
2105,datascience
2106,computers
2107,cars
2108,gamedev
2109,rpg
2110,rpg
2111,rpg
2112,hardware
2113,gamedev
2114,anime
2115,anime
2116,computers
2117,rpg
2118,datascience
2119,gamedev
2120,anime
2121,anime
2122,anime
2123,datascience
2124,cars
2125,anime
2126,gamernews
2127,computers
2128,computers
2129,cars
2130,hardware
2131,gamedev
2132,gamedev
2133,anime
2134,cars
2135,cars
2136,datascience
2137,anime
2138,gamernews
2139,datascience
2140,gamernews
2141,gamedev
2142,computers
2143,gamernews
2144,gamedev
2145,gamedev
2146,cars
2147,datascience
2148,hardware
2149,computers
2150,hardware
2151,computers
2152,hardware
2153,cars
2154,computers
2155,datascience
2156,datascience
2157,computers
2158,cars
2159,anime
2160,rpg
2161,datascience
2162,hardware
2163,cars
2164,datascience
2165,gamedev
2166,datascience
2167,cars
2168,gamedev
2169,computers
2170,anime
2171,datascience
2172,gamernews
2173,hardware
2174,anime
2175,anime
2176,datascience
2177,rpg
2178,datascience
2179,computers
2180,hardware
2181,gamernews
2182,gamedev
2183,anime
2184,computers
2185,cars
2186,hardware
2187,datascience
2188,computers
2189,cars
2190,datascience
2191,gamedev
2192,gamernews
2193,anime
2194,anime
2195,rpg
2196,rpg
2197,rpg
2198,cars
2199,cars
2200,gamernews
2201,gamedev
2202,computers
2203,cars
2204,datascience
2205,anime
2206,gamernews
2207,datascience
2208,datascience
2209,datascience
2210,anime
2211,rpg
2212,gamedev
2213,computers
2214,computers
2215,anime
2216,rpg
2217,cars
2218,cars
2219,datascience
2220,computers
2221,datascience
2222,computers
2223,anime
2224,gamernews
2225,gamedev
2226,computers
2227,cars
2228,hardware
2229,hardware
2230,gamernews
2231,gamernews
2232,gamernews
2233,hardware
2234,gamernews
2235,datascience
2236,rpg
2237,cars
2238,rpg
2239,hardware
2240,anime
2241,cars
2242,hardware
2243,gamernews
2244,datascience
2245,datascience
2246,hardware
2247,hardware
2248,datascience
2249,anime
2250,anime
2251,gamernews
2252,rpg
2253,rpg
2254,cars
2255,gamernews
2256,datascience
2257,hardware
2258,gamedev
2259,rpg
2260,hardware
2261,cars
2262,hardware
2263,gamernews
2264,datascience
2265,computers
2266,gamedev
2267,gamedev
2268,gamernews
2269,rpg
2270,gamedev
2271,gamedev
2272,cars
2273,anime
2274,cars
2275,datascience
2276,anime
2277,rpg
2278,anime
2279,gamedev
2280,anime
2281,gamernews
2282,gamernews
2283,rpg
2284,hardware
2285,cars
2286,cars
2287,cars
2288,datascience
2289,anime
2290,anime
2291,gamernews
2292,computers
2293,hardware
2294,hardware
2295,anime
2296,gamedev
2297,hardware
2298,rpg
2299,rpg
2300,cars
2301,gamedev
2302,gamedev
2303,anime
2304,computers
2305,gamedev
2306,anime
2307,hardware
2308,gamernews
2309,hardware
2310,rpg
2311,cars
2312,cars
2313,rpg
2314,computers
2315,hardware
2316,computers
2317,rpg
2318,gamernews
2319,gamernews
2320,gamernews
2321,anime
2322,cars
2323,anime
2324,anime
2325,cars
2326,gamedev
2327,cars
2328,hardware
2329,gamedev
2330,gamedev
2331,datascience
2332,computers
2333,gamernews
2334,datascience
2335,rpg
2336,hardware
2337,gamernews
2338,rpg
2339,computers
2340,anime
2341,hardware
2342,cars
2343,gamernews
2344,gamedev
2345,cars
2346,gamernews
2347,gamernews
2348,hardware
2349,datascience
2350,rpg
2351,gamernews
2352,rpg
2353,datascience
2354,gamernews
2355,gamedev
2356,cars
2357,gamedev
2358,cars
2359,rpg
2360,rpg
2361,hardware
2362,rpg
2363,hardware
2364,rpg
2365,cars
2366,computers
2367,datascience
2368,gamernews
2369,rpg
2370,computers
2371,rpg
2372,hardware
2373,computers
2374,cars
2375,gamedev
2376,cars
2377,anime
2378,hardware
2379,computers
2380,datascience
2381,anime
2382,datascience
2383,anime
2384,gamedev
2385,cars
2386,anime
2387,hardware
2388,datascience
2389,cars
2390,rpg
2391,cars
2392,anime
2393,gamernews
2394,rpg
2395,rpg
2396,gamedev
2397,gamedev
2398,datascience
2399,cars
2400,gamernews
2401,gamernews
2402,computers
2403,rpg
2404,gamernews
2405,cars
2406,gamernews
2407,rpg
2408,rpg
2409,rpg
2410,datascience
2411,hardware
2412,computers
2413,hardware
2414,gamernews
2415,hardware
2416,cars
2417,cars
2418,cars
2419,gamedev
2420,datascience
2421,gamedev
2422,gamedev
2423,rpg
2424,gamedev
2425,anime
2426,cars
2427,hardware
2428,rpg
2429,cars
2430,gamernews
2431,gamedev
2432,cars
2433,datascience
2434,cars
2435,gamedev
2436,datascience
2437,gamedev
2438,datascience
2439,computers
2440,gamedev
2441,cars
2442,anime
2443,anime
2444,hardware
2445,anime
2446,gamernews
2447,cars
2448,rpg
2449,rpg
2450,anime
2451,datascience
2452,gamedev
2453,datascience
2454,computers
2455,gamernews
2456,datascience
2457,cars
2458,gamernews
2459,hardware
2460,datascience
2461,gamedev
2462,hardware
2463,computers
2464,gamedev
2465,gamedev
2466,gamernews
2467,hardware
2468,datascience
2469,datascience
2470,cars
2471,rpg
2472,gamedev
2473,gamernews
2474,cars
2475,anime
2476,datascience
2477,gamedev
2478,cars
2479,hardware
2480,datascience
2481,rpg
2482,computers
2483,rpg
2484,gamernews
2485,rpg
2486,cars
2487,cars
2488,anime
2489,anime
2490,gamedev
2491,datascience
2492,cars
2493,datascience
2494,computers
2495,gamernews
2496,rpg
2497,anime
2498,anime
2499,gamernews
2500,rpg
2501,computers
2502,cars
2503,computers
2504,gamernews
2505,anime
2506,rpg
2507,cars
2508,anime
2509,datascience
2510,computers
2511,hardware
2512,computers
2513,cars
2514,datascience
2515,datascience
2516,gamedev
2517,datascience
2518,hardware
2519,gamedev
2520,cars
2521,rpg
2522,datascience
2523,hardware
2524,gamernews
2525,anime
2526,hardware
2527,rpg
2528,hardware
2529,datascience
2530,computers
2531,cars
2532,hardware
2533,gamernews
2534,cars
2535,anime
2536,gamedev
2537,gamedev
2538,hardware
2539,anime
2540,gamedev
2541,rpg
2542,computers
2543,cars
2544,datascience
2545,gamernews
2546,gamernews
2547,cars
2548,anime
2549,anime
2550,cars
2551,gamedev
2552,gamedev
2553,rpg
2554,hardware
2555,computers
2556,gamedev
2557,anime
2558,cars
2559,gamedev
2560,computers
2561,gamedev
2562,datascience
2563,datascience
2564,rpg
2565,datascience
2566,gamernews
2567,gamedev
2568,cars
2569,cars
2570,gamedev
2571,gamernews
2572,datascience
2573,datascience
2574,computers
2575,gamernews
2576,cars
2577,gamernews
2578,computers
2579,datascience
2580,rpg
2581,cars
2582,hardware
2583,datascience
2584,anime
2585,cars
2586,anime
2587,cars
2588,hardware
2589,hardware
2590,anime
2591,rpg
2592,hardware
2593,gamernews
2594,gamernews
2595,computers
2596,hardware
2597,gamernews
2598,cars
2599,rpg
2600,cars
2601,datascience
2602,datascience
2603,cars
2604,anime
2605,anime
2606,computers
2607,hardware
2608,cars
2609,hardware
2610,hardware
2611,anime
2612,anime
2613,gamernews
2614,hardware
2615,anime
2616,computers
2617,rpg
2618,hardware
2619,hardware
2620,rpg
2621,rpg
2622,hardware
2623,rpg
2624,gamedev
2625,datascience
2626,cars
2627,hardware
2628,gamedev
2629,rpg
2630,gamernews
2631,anime
2632,gamedev
2633,gamernews
2634,hardware
2635,hardware
2636,gamedev
2637,hardware
2638,computers
2639,computers
2640,gamedev
2641,hardware
2642,cars
2643,rpg
2644,anime
2645,cars
2646,computers
2647,datascience
2648,cars
2649,gamedev
2650,rpg
2651,anime
2652,computers
2653,datascience
2654,datascience
2655,datascience
2656,gamernews
2657,rpg
2658,rpg
2659,datascience
2660,hardware
2661,computers
2662,hardware
2663,gamedev
2664,anime
2665,gamernews
2666,cars
2667,anime
2668,cars
2669,gamernews
2670,gamedev
2671,computers
2672,computers
2673,gamernews
2674,gamedev
2675,cars
2676,computers
2677,anime
2678,gamedev
2679,anime
2680,datascience
2681,computers
2682,rpg
2683,gamernews
2684,datascience
2685,gamernews
2686,cars
2687,gamernews
2688,rpg
2689,cars
2690,datascience
2691,rpg
2692,hardware
2693,gamedev
2694,hardware
2695,computers
2696,computers
2697,computers
2698,rpg
2699,gamedev
2700,anime
2701,rpg
2702,rpg
2703,computers
2704,cars
2705,hardware
2706,gamernews
2707,cars
2708,computers
2709,computers
2710,rpg
2711,gamernews
2712,gamernews
2713,datascience
2714,gamedev
2715,hardware
2716,hardware
2717,anime
2718,gamernews
2719,gamedev
2720,datascience
2721,computers
2722,computers
2723,hardware
2724,hardware
2725,datascience
2726,anime
2727,gamernews
2728,gamernews
2729,gamedev
2730,computers
2731,rpg
2732,cars
2733,cars
2734,rpg
2735,anime
2736,computers
2737,gamedev
2738,cars
2739,gamernews
2740,gamernews
2741,hardware
2742,hardware
2743,hardware
2744,rpg
2745,gamernews
2746,gamedev
2747,computers
2748,gamedev
2749,hardware
2750,hardware
2751,gamernews
2752,gamernews
2753,rpg
2754,datascience
2755,cars
2756,computers
2757,gamernews
2758,hardware
2759,anime
2760,datascience
2761,rpg
2762,hardware
2763,anime
2764,gamedev
2765,gamernews
2766,datascience
2767,anime
2768,cars
2769,gamernews
2770,computers
2771,gamedev
2772,gamedev
2773,cars
2774,computers
2775,computers
2776,gamernews
2777,gamernews
2778,gamedev
2779,rpg
2780,gamernews
2781,hardware
2782,computers
2783,hardware
2784,gamedev
2785,computers
2786,rpg
2787,gamedev
2788,hardware
2789,gamernews
2790,hardware
2791,computers
2792,cars
2793,cars
2794,hardware
2795,rpg
2796,rpg
2797,gamernews
2798,anime
2799,gamernews
2800,gamedev
2801,hardware
2802,hardware
2803,rpg
2804,computers
2805,computers
2806,rpg
2807,rpg
2808,cars
2809,gamernews
2810,gamernews
2811,datascience
2812,hardware
2813,anime
2814,gamedev
2815,computers
2816,gamernews
2817,hardware
2818,hardware
2819,rpg
2820,gamernews
2821,hardware
2822,cars
2823,anime
2824,gamernews
2825,hardware
2826,cars
2827,anime
2828,cars
2829,gamedev
2830,anime
2831,anime
2832,computers
2833,datascience
2834,cars
2835,datascience
2836,anime
2837,rpg
2838,gamernews
2839,computers
2840,anime
2841,cars
2842,hardware
2843,gamedev
2844,anime
2845,datascience
2846,datascience
2847,datascience
2848,rpg
2849,datascience
2850,datascience
2851,gamedev
2852,rpg
2853,cars
2854,gamedev
2855,gamernews
2856,datascience
2857,gamernews
2858,rpg
2859,datascience
2860,anime
2861,cars
2862,hardware
2863,anime
2864,anime
2865,cars
2866,rpg
2867,computers
2868,gamedev
2869,cars
2870,cars
2871,computers
2872,hardware
2873,cars
2874,datascience
2875,cars
2876,gamernews
2877,hardware
2878,rpg
2879,computers
2880,rpg
2881,rpg
2882,hardware
2883,gamernews
2884,anime
2885,anime
2886,datascience
2887,datascience
2888,hardware
2889,gamernews
2890,gamedev
2891,rpg
2892,gamedev
2893,datascience
2894,rpg
2895,gamernews
2896,computers
2897,cars
